puzzleId,chavePuzzle,algoritmo,repeticao,status,tempo,estadosExplorados,estadosGerados,tentativasCandidatas,estadosMortos,estadosPodados,profundidadeDaSolucao,fronteiraMaxima,avaliacoesDeHeuristicas,backtracks,ehMock,estadoInicialCorrompido
facil,530070000600195000098000060800060003400803001700020006060000280000419005000080079,gbfs,1,solved,4.956917000000001,52,51,51,0,0,51,1,52,0,false,false
facil,530070000600195000098000060800060003400803001700020006060000280000419005000080079,gbfs,2,solved,2.0643749999999983,52,51,51,0,0,51,1,52,0,false,false
facil,530070000600195000098000060800060003400803001700020006060000280000419005000080079,gbfs,3,solved,1.8584999999999994,52,51,51,0,0,51,1,52,0,false,false
facil,530070000600195000098000060800060003400803001700020006060000280000419005000080079,gbfs,4,solved,1.8306250000000013,52,51,51,0,0,51,1,52,0,false,false
facil,530070000600195000098000060800060003400803001700020006060000280000419005000080079,gbfs,5,solved,1.8439580000000007,52,51,51,0,0,51,1,52,0,false,false
facil,530070000600195000098000060800060003400803001700020006060000280000419005000080079,gbfs,6,solved,1.706042,52,51,51,0,0,51,1,52,0,false,false
facil,530070000600195000098000060800060003400803001700020006060000280000419005000080079,gbfs,7,solved,1.4691249999999982,52,51,51,0,0,51,1,52,0,false,false
facil,530070000600195000098000060800060003400803001700020006060000280000419005000080079,gbfs,8,solved,1.5082080000000033,52,51,51,0,0,51,1,52,0,false,false
facil,530070000600195000098000060800060003400803001700020006060000280000419005000080079,gbfs,9,solved,1.5812499999999972,52,51,51,0,0,51,1,52,0,false,false
facil,530070000600195000098000060800060003400803001700020006060000280000419005000080079,gbfs,10,solved,1.2851660000000038,52,51,51,0,0,51,1,52,0,false,false
facil,530070000600195000098000060800060003400803001700020006060000280000419005000080079,dfs,1,solved,3.5763749999999987,334,516,2777,183,0,51,51,0,282,false,false
facil,530070000600195000098000060800060003400803001700020006060000280000419005000080079,dfs,2,solved,3.114583000000003,334,516,2777,183,0,51,51,0,282,false,false
facil,530070000600195000098000060800060003400803001700020006060000280000419005000080079,dfs,3,solved,2.8999999999999986,334,516,2777,183,0,51,51,0,282,false,false
facil,530070000600195000098000060800060003400803001700020006060000280000419005000080079,dfs,4,solved,2.6562079999999995,334,516,2777,183,0,51,51,0,282,false,false
facil,530070000600195000098000060800060003400803001700020006060000280000419005000080079,dfs,5,solved,2.5736670000000004,334,516,2777,183,0,51,51,0,282,false,false
facil,530070000600195000098000060800060003400803001700020006060000280000419005000080079,dfs,6,solved,2.5697079999999985,334,516,2777,183,0,51,51,0,282,false,false
facil,530070000600195000098000060800060003400803001700020006060000280000419005000080079,dfs,7,solved,2.5145419999999987,334,516,2777,183,0,51,51,0,282,false,false
facil,530070000600195000098000060800060003400803001700020006060000280000419005000080079,dfs,8,solved,2.5782079999999965,334,516,2777,183,0,51,51,0,282,false,false
facil,530070000600195000098000060800060003400803001700020006060000280000419005000080079,dfs,9,solved,2.5279589999999956,334,516,2777,183,0,51,51,0,282,false,false
facil,530070000600195000098000060800060003400803001700020006060000280000419005000080079,dfs,10,solved,2.4809590000000057,334,516,2777,183,0,51,51,0,282,false,false
intermediario,000260701680070090190004500820100040004602900050003028009300074040050036703018000,gbfs,1,solved,0.8999169999999879,46,45,45,0,0,45,1,46,0,false,false
intermediario,000260701680070090190004500820100040004602900050003028009300074040050036703018000,gbfs,2,solved,0.8067499999999939,46,45,45,0,0,45,1,46,0,false,false
intermediario,000260701680070090190004500820100040004602900050003028009300074040050036703018000,gbfs,3,solved,0.8799169999999918,46,45,45,0,0,45,1,46,0,false,false
intermediario,000260701680070090190004500820100040004602900050003028009300074040050036703018000,gbfs,4,solved,0.8342920000000049,46,45,45,0,0,45,1,46,0,false,false
intermediario,000260701680070090190004500820100040004602900050003028009300074040050036703018000,gbfs,5,solved,0.8529589999999985,46,45,45,0,0,45,1,46,0,false,false
intermediario,000260701680070090190004500820100040004602900050003028009300074040050036703018000,gbfs,6,solved,0.8398749999999922,46,45,45,0,0,45,1,46,0,false,false
intermediario,000260701680070090190004500820100040004602900050003028009300074040050036703018000,gbfs,7,solved,0.8695420000000098,46,45,45,0,0,45,1,46,0,false,false
intermediario,000260701680070090190004500820100040004602900050003028009300074040050036703018000,gbfs,8,solved,0.7955419999999975,46,45,45,0,0,45,1,46,0,false,false
intermediario,000260701680070090190004500820100040004602900050003028009300074040050036703018000,gbfs,9,solved,0.7644590000000022,46,45,45,0,0,45,1,46,0,false,false
intermediario,000260701680070090190004500820100040004602900050003028009300074040050036703018000,gbfs,10,solved,0.7824999999999989,46,45,45,0,0,45,1,46,0,false,false
intermediario,000260701680070090190004500820100040004602900050003028009300074040050036703018000,dfs,1,solved,0.2310420000000022,46,50,226,5,0,45,45,0,0,false,false
intermediario,000260701680070090190004500820100040004602900050003028009300074040050036703018000,dfs,2,solved,0.16525000000000034,46,50,226,5,0,45,45,0,0,false,false
intermediario,000260701680070090190004500820100040004602900050003028009300074040050036703018000,dfs,3,solved,0.14691700000000196,46,50,226,5,0,45,45,0,0,false,false
intermediario,000260701680070090190004500820100040004602900050003028009300074040050036703018000,dfs,4,solved,0.2060419999999965,46,50,226,5,0,45,45,0,0,false,false
intermediario,000260701680070090190004500820100040004602900050003028009300074040050036703018000,dfs,5,solved,0.14475000000000193,46,50,226,5,0,45,45,0,0,false,false
intermediario,000260701680070090190004500820100040004602900050003028009300074040050036703018000,dfs,6,solved,0.14458299999999724,46,50,226,5,0,45,45,0,0,false,false
intermediario,000260701680070090190004500820100040004602900050003028009300074040050036703018000,dfs,7,solved,0.2136250000000075,46,50,226,5,0,45,45,0,0,false,false
intermediario,000260701680070090190004500820100040004602900050003028009300074040050036703018000,dfs,8,solved,0.14395899999999529,46,50,226,5,0,45,45,0,0,false,false
intermediario,000260701680070090190004500820100040004602900050003028009300074040050036703018000,dfs,9,solved,0.1438749999999942,46,50,226,5,0,45,45,0,0,false,false
intermediario,000260701680070090190004500820100040004602900050003028009300074040050036703018000,dfs,10,solved,0.21716699999998923,46,50,226,5,0,45,45,0,0,false,false
dificil,800000000003600000070090200050007000000045700000100030001000068008500010090000400,gbfs,1,solved,211.58583299999998,8238,8242,9176,0,934,60,11,8243,0,false,false
dificil,800000000003600000070090200050007000000045700000100030001000068008500010090000400,gbfs,2,solved,198.277375,8238,8242,9176,0,934,60,11,8243,0,false,false
dificil,800000000003600000070090200050007000000045700000100030001000068008500010090000400,gbfs,3,solved,195.276166,8238,8242,9176,0,934,60,11,8243,0,false,false
dificil,800000000003600000070090200050007000000045700000100030001000068008500010090000400,gbfs,4,solved,194.64320899999996,8238,8242,9176,0,934,60,11,8243,0,false,false
dificil,800000000003600000070090200050007000000045700000100030001000068008500010090000400,gbfs,5,solved,193.21108299999992,8238,8242,9176,0,934,60,11,8243,0,false,false
dificil,800000000003600000070090200050007000000045700000100030001000068008500010090000400,gbfs,6,solved,191.30370799999992,8238,8242,9176,0,934,60,11,8243,0,false,false
dificil,800000000003600000070090200050007000000045700000100030001000068008500010090000400,gbfs,7,solved,193.99204200000008,8238,8242,9176,0,934,60,11,8243,0,false,false
dificil,800000000003600000070090200050007000000045700000100030001000068008500010090000400,gbfs,8,solved,195.2255,8238,8242,9176,0,934,60,11,8243,0,false,false
dificil,800000000003600000070090200050007000000045700000100030001000068008500010090000400,gbfs,9,solved,193.98954200000003,8238,8242,9176,0,934,60,11,8243,0,false,false
dificil,800000000003600000070090200050007000000045700000100030001000068008500010090000400,gbfs,10,solved,195.1472080000001,8238,8242,9176,0,934,60,11,8243,0,false,false
dificil,800000000003600000070090200050007000000045700000100030001000068008500010090000400,dfs,1,solved,99.98412499999972,14356,22067,128951,7712,0,60,60,0,14295,false,false
dificil,800000000003600000070090200050007000000045700000100030001000068008500010090000400,dfs,2,solved,99.44891599999983,14356,22067,128951,7712,0,60,60,0,14295,false,false
dificil,800000000003600000070090200050007000000045700000100030001000068008500010090000400,dfs,3,solved,105.39083399999981,14356,22067,128951,7712,0,60,60,0,14295,false,false
dificil,800000000003600000070090200050007000000045700000100030001000068008500010090000400,dfs,4,solved,100.4275419999999,14356,22067,128951,7712,0,60,60,0,14295,false,false
dificil,800000000003600000070090200050007000000045700000100030001000068008500010090000400,dfs,5,solved,101.08916700000009,14356,22067,128951,7712,0,60,60,0,14295,false,false
dificil,800000000003600000070090200050007000000045700000100030001000068008500010090000400,dfs,6,solved,99.56741599999987,14356,22067,128951,7712,0,60,60,0,14295,false,false
dificil,800000000003600000070090200050007000000045700000100030001000068008500010090000400,dfs,7,solved,100.16458299999977,14356,22067,128951,7712,0,60,60,0,14295,false,false
dificil,800000000003600000070090200050007000000045700000100030001000068008500010090000400,dfs,8,solved,99.28016700000035,14356,22067,128951,7712,0,60,60,0,14295,false,false
dificil,800000000003600000070090200050007000000045700000100030001000068008500010090000400,dfs,9,solved,101.03687499999978,14356,22067,128951,7712,0,60,60,0,14295,false,false
dificil,800000000003600000070090200050007000000045700000100030001000068008500010090000400,dfs,10,solved,100.92895799999997,14356,22067,128951,7712,0,60,60,0,14295,false,false
